day,sex,tip_sum,tip_mean,total_bill_sum,total_bill_mean
Thur,Male,89.41,2.9803333333333333,561.4399999999999,18.714666666666666
Thur,Female,82.42,2.575625,534.89,16.7153125
Fri,Male,26.93,2.693,198.57,19.857
Fri,Female,25.03,2.781111111111111,127.31,14.145555555555555
Sat,Male,181.95,3.0838983050847455,1227.35,20.802542372881355
Sat,Female,78.45,2.8017857142857143,551.05,19.68035714285714
Sun,Male,186.78,3.220344827586207,1269.46,21.887241379310346
Sun,Female,60.61,3.3672222222222223,357.7,19.87222222222222
